{"type": "metrics", "precision": 0.732812391284359, "balanced_accuracy": 0.6849148118152308, "recall": 0.39412698412698415, "dataset": "train", "f1_score": 0.5102066969822241}
{"type": "metrics", "precision": 0.6791779857135672, "balanced_accuracy": 0.67722294660881, "recall": 0.38459286696, "dataset": "test", "f1_score": 0.49531375166889185}
{"type": "cm_matrix", "dataset": "train", "true_0": {"predicted_0": 15512, "predicted_1": 716}, "true_1": {"predicted_0": 2920, "predicted_1": 1805}}
{"type": "cm_matrix", "dataset": "test", "true_0": {"predicted_0": 6711, "predicted_1": 362}, "true_1": {"predicted_0": 1169, "predicted_1": 737}}
